<?xml version="1.0" encoding="UTF-8"?>
<metadata xml:lang="en"><Esri><CreaDate>20230428</CreaDate><CreaTime>13141200</CreaTime><ArcGISFormat>1.0</ArcGISFormat><SyncOnce>FALSE</SyncOnce><DataProperties><itemProps><itemName Sync="TRUE">GHS_SDATA_WUP2018_BOUNDARIES_MT_GLOBE_R2023A_V1_0</itemName><imsContentType Sync="TRUE">002</imsContentType><itemSize Sync="TRUE">0.000</itemSize><itemLocation><linkage Sync="TRUE">file://\\s-jrcipscnacl1p.ipsc.tld\processing\01_GLOBAL\2020_Pop_estimates\ver_4\EstimatesWUPboundaries\GHS_SDATA_WUP2018_BOUNDARIES_MT_GLOBE_R2023A_V1_0.shp</linkage><protocol Sync="TRUE">Local Area Network</protocol></itemLocation></itemProps><coordRef><type Sync="TRUE">Geographic</type><geogcsn Sync="TRUE">GCS_WGS_1984</geogcsn><csUnits Sync="TRUE">Angular Unit: Degree (0.017453)</csUnits><peXml Sync="TRUE">&lt;GeographicCoordinateSystem xsi:type='typens:GeographicCoordinateSystem' xmlns:xsi='http://www.w3.org/2001/XMLSchema-instance' xmlns:xs='http://www.w3.org/2001/XMLSchema' xmlns:typens='http://www.esri.com/schemas/ArcGIS/3.0.0'&gt;&lt;WKT&gt;GEOGCS[&amp;quot;GCS_WGS_1984&amp;quot;,DATUM[&amp;quot;D_WGS_1984&amp;quot;,SPHEROID[&amp;quot;WGS_1984&amp;quot;,6378137.0,298.257223563]],PRIMEM[&amp;quot;Greenwich&amp;quot;,0.0],UNIT[&amp;quot;Degree&amp;quot;,0.0174532925199433],AUTHORITY[&amp;quot;EPSG&amp;quot;,4326]]&lt;/WKT&gt;&lt;XOrigin&gt;-400&lt;/XOrigin&gt;&lt;YOrigin&gt;-400&lt;/YOrigin&gt;&lt;XYScale&gt;11258999068426.238&lt;/XYScale&gt;&lt;ZOrigin&gt;-100000&lt;/ZOrigin&gt;&lt;ZScale&gt;10000&lt;/ZScale&gt;&lt;MOrigin&gt;-100000&lt;/MOrigin&gt;&lt;MScale&gt;10000&lt;/MScale&gt;&lt;XYTolerance&gt;8.983152841195215e-09&lt;/XYTolerance&gt;&lt;ZTolerance&gt;0.001&lt;/ZTolerance&gt;&lt;MTolerance&gt;0.001&lt;/MTolerance&gt;&lt;HighPrecision&gt;true&lt;/HighPrecision&gt;&lt;LeftLongitude&gt;-180&lt;/LeftLongitude&gt;&lt;WKID&gt;4326&lt;/WKID&gt;&lt;LatestWKID&gt;4326&lt;/LatestWKID&gt;&lt;/GeographicCoordinateSystem&gt;</peXml></coordRef><lineage><Process ToolSource="c:\program files\arcgis\pro\Resources\ArcToolbox\toolboxes\Data Management Tools.tbx\Merge" Date="20230428" Time="131459">Merge 100_UA_WUP;104_CP_WUP;104_UA_WUP;108_CP_WUP;112_CP_WUP;112_UA_WUP;116_UA_WUP;12_CP_WUP;12_UA_WUP;120_UA_WUP;124_CP_WUP;124_UA_WUP;132_CP_WUP;136_CP_WUP;140_UA_WUP;144_CP_WUP;148_CP_WUP;152_CP_WUP;152_UA_WUP;156_CP_WUP;156_UA_WUP;158_CP_WUP;158_UA_WUP;16_UA_WUP;170_CP_WUP;170_UA_WUP;174_CP_WUP;175_CP_WUP;178_CP_WUP;180_CP_WUP;180_UA_WUP;184_UA_WUP;188_CP_WUP;188_UA_WUP;191_CP_WUP;192_CP_WUP;196_UA_WUP;20_UA_WUP;203_CP_WUP;204_CP_WUP;204_UA_WUP;208_CP_WUP;208_UA_WUP;214_CP_WUP;214_UA_WUP;218_CP_WUP;218_UA_WUP;222_CP_WUP;222_UA_WUP;226_UA_WUP;231_CP_WUP;232_CP_WUP;233_CP_WUP;233_UA_WUP;234_UA_WUP;238_CP_WUP;24_CP_WUP;24_UA_WUP;242_CP_WUP;246_UA_WUP;250_CP_WUP;250_UA_WUP;254_CP_WUP;258_UA_WUP;262_UA_WUP;266_CP_WUP;268_CP_WUP;270_UA_WUP;275_UA_WUP;276_CP_WUP;28_CP_WUP;288_CP_WUP;288_UA_WUP;292_CP_WUP;296_UA_WUP;300_CP_WUP;300_UA_WUP;304_CP_WUP;308_UA_WUP;31_CP_WUP;31_UA_WUP;312_UA_WUP;316_UA_WUP;32_CP_WUP;32_UA_WUP;320_CP_WUP;320_UA_WUP;324_CP_WUP;328_UA_WUP;332_CP_WUP;332_UA_WUP;336_CP_WUP;340_CP_WUP;344_UA_WUP;348_CP_WUP;352_CP_WUP;352_UA_WUP;356_CP_WUP;356_UA_WUP;36_UA_WUP;360_CP_WUP;360_UA_WUP;364_CP_WUP;368_UA_WUP;372_UA_WUP;376_CP_WUP;376_UA_WUP;380_UA_WUP;384_CP_WUP;388_UA_WUP;392_CP_WUP;392_UA_WUP;398_CP_WUP;398_UA_WUP;4_CP_WUP;40_CP_WUP;400_CP_WUP;404_CP_WUP;408_CP_WUP;410_CP_WUP;410_UA_WUP;414_UA_WUP;417_CP_WUP;418_UA_WUP;422_CP_WUP;422_UA_WUP;426_CP_WUP;428_CP_WUP;428_UA_WUP;430_CP_WUP;430_UA_WUP;434_CP_WUP;438_CP_WUP;44_UA_WUP;440_CP_WUP;440_UA_WUP;442_CP_WUP;446_UA_WUP;450_CP_WUP;450_UA_WUP;454_CP_WUP;458_UA_WUP;462_UA_WUP;466_CP_WUP;470_CP_WUP;470_UA_WUP;474_CP_WUP;478_CP_WUP;48_CP_WUP;48_UA_WUP;480_CP_WUP;484_CP_WUP;484_UA_WUP;492_UA_WUP;496_CP_WUP;498_CP_WUP;499_CP_WUP;50_UA_WUP;500_CP_WUP;504_CP_WUP;504_UA_WUP;508_CP_WUP;51_CP_WUP;512_CP_WUP;512_UA_WUP;516_CP_WUP;516_UA_WUP;52_UA_WUP;520_UA_WUP;524_CP_WUP;528_CP_WUP;528_UA_WUP;531_UA_WUP;533_UA_WUP;534_UA_WUP;540_UA_WUP;548_CP_WUP;554_UA_WUP;558_UA_WUP;56_CP_WUP;56_UA_WUP;562_CP_WUP;566_CP_WUP;566_UA_WUP;570_CP_WUP;578_CP_WUP;578_UA_WUP;580_UA_WUP;583_CP_WUP;584_UA_WUP;585_UA_WUP;586_CP_WUP;586_UA_WUP;591_UA_WUP;598_CP_WUP;60_UA_WUP;600_CP_WUP;600_UA_WUP;604_CP_WUP;604_UA_WUP;608_CP_WUP;608_UA_WUP;616_CP_WUP;620_CP_WUP;620_UA_WUP;624_CP_WUP;626_CP_WUP;630_UA_WUP;634_CP_WUP;634_UA_WUP;638_CP_WUP;64_CP_WUP;642_CP_WUP;643_CP_WUP;643_UA_WUP;646_CP_WUP;659_CP_WUP;666_CP_WUP;670_UA_WUP;674_CP_WUP;678_UA_WUP;68_CP_WUP;68_UA_WUP;682_CP_WUP;686_UA_WUP;688_CP_WUP;688_UA_WUP;690_CP_WUP;690_UA_WUP;694_CP_WUP;70_CP_WUP;702_UA_WUP;703_CP_WUP;704_CP_WUP;704_UA_WUP;705_CP_WUP;705_UA_WUP;706_CP_WUP;706_UA_WUP;710_CP_WUP;710_UA_WUP;716_CP_WUP;72_CP_WUP;724_CP_WUP;729_CP_WUP;729_UA_WUP;732_CP_WUP;740_UA_WUP;748_CP_WUP;752_UA_WUP;756_UA_WUP;76_CP_WUP;76_UA_WUP;760_CP_WUP;760_UA_WUP;762_CP_WUP;762_UA_WUP;764_CP_WUP;764_UA_WUP;768_UA_WUP;780_UA_WUP;784_CP_WUP;784_UA_WUP;788_CP_WUP;788_UA_WUP;792_CP_WUP;792_UA_WUP;796_UA_WUP;798_UA_WUP;8_CP_WUP;800_CP_WUP;800_UA_WUP;804_CP_WUP;807_CP_WUP;807_UA_WUP;818_CP_WUP;818_UA_WUP;826_CP_WUP;826_UA_WUP;831_CP_WUP;832_CP_WUP;833_CP_WUP;834_CP_WUP;834_UA_WUP;840_UA_WUP;850_UA_WUP;854_CP_WUP;858_UA_WUP;860_CP_WUP;862_CP_WUP;862_UA_WUP;882_CP_WUP;887_CP_WUP;887_UA_WUP;894_CP_WUP;894_UA_WUP;90_CP_WUP;96_CP_WUP O:\01_GLOBAL\2020_Pop_estimates\ver_4\EstimatesWUPboundaries\GHS_SDATA_WUP2018_BOUNDARIES_MT_GLOBE_R2023A_V1_0.shp "LocID "LocID" true true false 6 Long 0 10,First,#,100_UA_WUP,ID_WUP,-1,-1,104_CP_WUP,ID_WUP,-1,-1,104_UA_WUP,ID_WUP,-1,-1,108_CP_WUP,ID_WUP,-1,-1,112_CP_WUP,ID_WUP,-1,-1,112_UA_WUP,ID_WUP,-1,-1,116_UA_WUP,ID_WUP,-1,-1,12_CP_WUP,ID_WUP,-1,-1,12_UA_WUP,ID_WUP,-1,-1,120_UA_WUP,ID_WUP,-1,-1,124_CP_WUP,ID_WUP,-1,-1,124_UA_WUP,ID_WUP,-1,-1,132_CP_WUP,ID_WUP,-1,-1,136_CP_WUP,ID_WUP,-1,-1,140_UA_WUP,ID_WUP,-1,-1,144_CP_WUP,ID_WUP,-1,-1,148_CP_WUP,ID_WUP,-1,-1,152_CP_WUP,ID_WUP,-1,-1,152_UA_WUP,ID_WUP,-1,-1,156_CP_WUP,ID_WUP,-1,-1,156_UA_WUP,ID_WUP,-1,-1,158_CP_WUP,ID_WUP,-1,-1,158_UA_WUP,ID_WUP,-1,-1,16_UA_WUP,ID_WUP,-1,-1,170_CP_WUP,ID_WUP,-1,-1,170_UA_WUP,ID_WUP,-1,-1,174_CP_WUP,ID_WUP,-1,-1,175_CP_WUP,ID_WUP,-1,-1,178_CP_WUP,ID_WUP,-1,-1,180_CP_WUP,ID_WUP,-1,-1,180_UA_WUP,ID_WUP,-1,-1,184_UA_WUP,ID_WUP,-1,-1,188_CP_WUP,ID_WUP,-1,-1,188_UA_WUP,ID_WUP,-1,-1,191_CP_WUP,ID_WUP,-1,-1,192_CP_WUP,ID_WUP,-1,-1,196_UA_WUP,ID_WUP,-1,-1,20_UA_WUP,ID_WUP,-1,-1,203_CP_WUP,ID_WUP,-1,-1,204_CP_WUP,ID_WUP,-1,-1,204_UA_WUP,ID_WUP,-1,-1,208_CP_WUP,ID_WUP,-1,-1,208_UA_WUP,ID_WUP,-1,-1,214_CP_WUP,ID_WUP,-1,-1,214_UA_WUP,ID_WUP,-1,-1,218_CP_WUP,ID_WUP,-1,-1,218_UA_WUP,ID_WUP,-1,-1,222_CP_WUP,ID_WUP,-1,-1,222_UA_WUP,ID_WUP,-1,-1,226_UA_WUP,ID_WUP,-1,-1,231_CP_WUP,ID_WUP,-1,-1,232_CP_WUP,ID_WUP,-1,-1,233_CP_WUP,ID_WUP,-1,-1,233_UA_WUP,ID_WUP,-1,-1,234_UA_WUP,ID_WUP,-1,-1,238_CP_WUP,ID_WUP,-1,-1,24_CP_WUP,ID_WUP,-1,-1,24_UA_WUP,ID_WUP,-1,-1,242_CP_WUP,ID_WUP,-1,-1,246_UA_WUP,ID_WUP,-1,-1,250_CP_WUP,ID_WUP,-1,-1,250_UA_WUP,ID_WUP,-1,-1,254_CP_WUP,ID_WUP,-1,-1,258_UA_WUP,ID_WUP,-1,-1,262_UA_WUP,ID_WUP,-1,-1,266_CP_WUP,ID_WUP,-1,-1,268_CP_WUP,ID_WUP,-1,-1,270_UA_WUP,ID_WUP,-1,-1,275_UA_WUP,ID_WUP,-1,-1,276_CP_WUP,ID_WUP,-1,-1,28_CP_WUP,ID_WUP,-1,-1,288_CP_WUP,ID_WUP,-1,-1,288_UA_WUP,ID_WUP,-1,-1,292_CP_WUP,ID_WUP,-1,-1,296_UA_WUP,ID_WUP,-1,-1,300_CP_WUP,ID_WUP,-1,-1,300_UA_WUP,ID_WUP,-1,-1,304_CP_WUP,ID_WUP,-1,-1,308_UA_WUP,ID_WUP,-1,-1,31_CP_WUP,ID_WUP,-1,-1,31_UA_WUP,ID_WUP,-1,-1,312_UA_WUP,ID_WUP,-1,-1,316_UA_WUP,ID_WUP,-1,-1,32_CP_WUP,ID_WUP,-1,-1,32_UA_WUP,ID_WUP,-1,-1,320_CP_WUP,ID_WUP,-1,-1,320_UA_WUP,ID_WUP,-1,-1,324_CP_WUP,ID_WUP,-1,-1,328_UA_WUP,ID_WUP,-1,-1,332_CP_WUP,ID_WUP,-1,-1,332_UA_WUP,ID_WUP,-1,-1,336_CP_WUP,ID_WUP,-1,-1,340_CP_WUP,ID_WUP,-1,-1,344_UA_WUP,ID_WUP,-1,-1,348_CP_WUP,ID_WUP,-1,-1,352_CP_WUP,ID_WUP,-1,-1,352_UA_WUP,ID_WUP,-1,-1,356_CP_WUP,ID_WUP,-1,-1,356_UA_WUP,ID_WUP,-1,-1,36_UA_WUP,ID_WUP,-1,-1,360_CP_WUP,ID_WUP,-1,-1,360_UA_WUP,ID_WUP,-1,-1,364_CP_WUP,ID_WUP,-1,-1,368_UA_WUP,ID_WUP,-1,-1,372_UA_WUP,ID_WUP,-1,-1,376_CP_WUP,ID_WUP,-1,-1,376_UA_WUP,ID_WUP,-1,-1,380_UA_WUP,ID_WUP,-1,-1,384_CP_WUP,ID_WUP,-1,-1,388_UA_WUP,ID_WUP,-1,-1,392_CP_WUP,ID_WUP,-1,-1,392_UA_WUP,ID_WUP,-1,-1,398_CP_WUP,ID_WUP,-1,-1,398_UA_WUP,ID_WUP,-1,-1,4_CP_WUP,ID_WUP,-1,-1,40_CP_WUP,ID_WUP,-1,-1,400_CP_WUP,ID_WUP,-1,-1,404_CP_WUP,ID_WUP,-1,-1,408_CP_WUP,ID_WUP,-1,-1,410_CP_WUP,ID_WUP,-1,-1,410_UA_WUP,ID_WUP,-1,-1,414_UA_WUP,ID_WUP,-1,-1,417_CP_WUP,ID_WUP,-1,-1,418_UA_WUP,ID_WUP,-1,-1,422_CP_WUP,ID_WUP,-1,-1,422_UA_WUP,ID_WUP,-1,-1,426_CP_WUP,ID_WUP,-1,-1,428_CP_WUP,ID_WUP,-1,-1,428_UA_WUP,ID_WUP,-1,-1,430_CP_WUP,ID_WUP,-1,-1,430_UA_WUP,ID_WUP,-1,-1,434_CP_WUP,ID_WUP,-1,-1,438_CP_WUP,ID_WUP,-1,-1,44_UA_WUP,ID_WUP,-1,-1,440_CP_WUP,ID_WUP,-1,-1,440_UA_WUP,ID_WUP,-1,-1,442_CP_WUP,ID_WUP,-1,-1,446_UA_WUP,ID_WUP,-1,-1,450_CP_WUP,ID_WUP,-1,-1,450_UA_WUP,ID_WUP,-1,-1,454_CP_WUP,ID_WUP,-1,-1,458_UA_WUP,ID_WUP,-1,-1,462_UA_WUP,ID_WUP,-1,-1,466_CP_WUP,ID_WUP,-1,-1,470_CP_WUP,ID_WUP,-1,-1,470_UA_WUP,ID_WUP,-1,-1,474_CP_WUP,ID_WUP,-1,-1,478_CP_WUP,ID_WUP,-1,-1,48_CP_WUP,ID_WUP,-1,-1,48_UA_WUP,ID_WUP,-1,-1,480_CP_WUP,ID_WUP,-1,-1,484_CP_WUP,ID_WUP,-1,-1,484_UA_WUP,ID_WUP,-1,-1,492_UA_WUP,ID_WUP,-1,-1,496_CP_WUP,ID_WUP,-1,-1,498_CP_WUP,ID_WUP,-1,-1,499_CP_WUP,ID_WUP,-1,-1,50_UA_WUP,ID_WUP,-1,-1,500_CP_WUP,ID_WUP,-1,-1,504_CP_WUP,ID_WUP,-1,-1,504_UA_WUP,ID_WUP,-1,-1,508_CP_WUP,ID_WUP,-1,-1,51_CP_WUP,ID_WUP,-1,-1,512_CP_WUP,ID_WUP,-1,-1,512_UA_WUP,ID_WUP,-1,-1,516_CP_WUP,ID_WUP,-1,-1,516_UA_WUP,ID_WUP,-1,-1,52_UA_WUP,ID_WUP,-1,-1,520_UA_WUP,ID_WUP,-1,-1,524_CP_WUP,ID_WUP,-1,-1,528_CP_WUP,ID_WUP,-1,-1,528_UA_WUP,ID_WUP,-1,-1,531_UA_WUP,ID_WUP,-1,-1,533_UA_WUP,ID_WUP,-1,-1,534_UA_WUP,ID_WUP,-1,-1,540_UA_WUP,ID_WUP,-1,-1,548_CP_WUP,ID_WUP,-1,-1,554_UA_WUP,ID_WUP,-1,-1,558_UA_WUP,ID_WUP,-1,-1,56_CP_WUP,ID_WUP,-1,-1,56_UA_WUP,ID_WUP,-1,-1,562_CP_WUP,ID_WUP,-1,-1,566_CP_WUP,ID_WUP,-1,-1,566_UA_WUP,ID_WUP,-1,-1,570_CP_WUP,ID_WUP,-1,-1,578_CP_WUP,ID_WUP,-1,-1,578_UA_WUP,ID_WUP,-1,-1,580_UA_WUP,ID_WUP,-1,-1,583_CP_WUP,ID_WUP,-1,-1,584_UA_WUP,ID_WUP,-1,-1,585_UA_WUP,ID_WUP,-1,-1,586_CP_WUP,ID_WUP,-1,-1,586_UA_WUP,ID_WUP,-1,-1,591_UA_WUP,ID_WUP,-1,-1,598_CP_WUP,ID_WUP,-1,-1,60_UA_WUP,ID_WUP,-1,-1,600_CP_WUP,ID_WUP,-1,-1,600_UA_WUP,ID_WUP,-1,-1,604_CP_WUP,ID_WUP,-1,-1,604_UA_WUP,ID_WUP,-1,-1,608_CP_WUP,ID_WUP,-1,-1,608_UA_WUP,ID_WUP,-1,-1,616_CP_WUP,ID_WUP,-1,-1,620_CP_WUP,ID_WUP,-1,-1,620_UA_WUP,ID_WUP,-1,-1,624_CP_WUP,ID_WUP,-1,-1,626_CP_WUP,ID_WUP,-1,-1,630_UA_WUP,ID_WUP,-1,-1,634_CP_WUP,ID_WUP,-1,-1,634_UA_WUP,ID_WUP,-1,-1,638_CP_WUP,ID_WUP,-1,-1,64_CP_WUP,ID_WUP,-1,-1,642_CP_WUP,ID_WUP,-1,-1,643_CP_WUP,ID_WUP,-1,-1,643_UA_WUP,ID_WUP,-1,-1,646_CP_WUP,ID_WUP,-1,-1,659_CP_WUP,ID_WUP,-1,-1,666_CP_WUP,ID_WUP,-1,-1,670_UA_WUP,ID_WUP,-1,-1,674_CP_WUP,ID_WUP,-1,-1,678_UA_WUP,ID_WUP,-1,-1,68_CP_WUP,ID_WUP,-1,-1,68_UA_WUP,ID_WUP,-1,-1,682_CP_WUP,ID_WUP,-1,-1,686_UA_WUP,ID_WUP,-1,-1,688_CP_WUP,ID_WUP,-1,-1,688_UA_WUP,ID_WUP,-1,-1,690_CP_WUP,ID_WUP,-1,-1,690_UA_WUP,ID_WUP,-1,-1,694_CP_WUP,ID_WUP,-1,-1,70_CP_WUP,ID_WUP,-1,-1,702_UA_WUP,ID_WUP,-1,-1,703_CP_WUP,ID_WUP,-1,-1,704_CP_WUP,ID_WUP,-1,-1,704_UA_WUP,ID_WUP,-1,-1,705_CP_WUP,ID_WUP,-1,-1,705_UA_WUP,ID_WUP,-1,-1,706_CP_WUP,ID_WUP,-1,-1,706_UA_WUP,ID_WUP,-1,-1,710_CP_WUP,ID_WUP,-1,-1,710_UA_WUP,ID_WUP,-1,-1,716_CP_WUP,ID_WUP,-1,-1,72_CP_WUP,ID_WUP,-1,-1,724_CP_WUP,ID_WUP,-1,-1,729_CP_WUP,ID_WUP,-1,-1,729_UA_WUP,ID_WUP,-1,-1,732_CP_WUP,ID_WUP,-1,-1,740_UA_WUP,ID_WUP,-1,-1,748_CP_WUP,ID_WUP,-1,-1,752_UA_WUP,ID_WUP,-1,-1,756_UA_WUP,ID_WUP,-1,-1,76_CP_WUP,ID_WUP,-1,-1,76_UA_WUP,ID_WUP,-1,-1,760_CP_WUP,ID_WUP,-1,-1,760_UA_WUP,ID_WUP,-1,-1,762_CP_WUP,ID_WUP,-1,-1,762_UA_WUP,ID_WUP,-1,-1,764_CP_WUP,ID_WUP,-1,-1,764_UA_WUP,ID_WUP,-1,-1,768_UA_WUP,ID_WUP,-1,-1,780_UA_WUP,ID_WUP,-1,-1,784_CP_WUP,ID_WUP,-1,-1,784_UA_WUP,ID_WUP,-1,-1,788_CP_WUP,ID_WUP,-1,-1,788_UA_WUP,ID_WUP,-1,-1,792_CP_WUP,ID_WUP,-1,-1,792_UA_WUP,ID_WUP,-1,-1,796_UA_WUP,ID_WUP,-1,-1,798_UA_WUP,ID_WUP,-1,-1,8_CP_WUP,ID_WUP,-1,-1,800_CP_WUP,ID_WUP,-1,-1,800_UA_WUP,ID_WUP,-1,-1,804_CP_WUP,ID_WUP,-1,-1,807_CP_WUP,ID_WUP,-1,-1,807_UA_WUP,ID_WUP,-1,-1,818_CP_WUP,ID_WUP,-1,-1,818_UA_WUP,ID_WUP,-1,-1,826_CP_WUP,ID_WUP,-1,-1,826_UA_WUP,ID_WUP,-1,-1,831_CP_WUP,ID_WUP,-1,-1,832_CP_WUP,ID_WUP,-1,-1,833_CP_WUP,ID_WUP,-1,-1,834_CP_WUP,ID_WUP,-1,-1,834_UA_WUP,ID_WUP,-1,-1,840_UA_WUP,ID_WUP,-1,-1,850_UA_WUP,ID_WUP,-1,-1,854_CP_WUP,ID_WUP,-1,-1,858_UA_WUP,ID_WUP,-1,-1,860_CP_WUP,ID_WUP,-1,-1,862_CP_WUP,ID_WUP,-1,-1,862_UA_WUP,ID_WUP,-1,-1,882_CP_WUP,ID_WUP,-1,-1,887_CP_WUP,ID_WUP,-1,-1,887_UA_WUP,ID_WUP,-1,-1,894_CP_WUP,ID_WUP,-1,-1,894_UA_WUP,ID_WUP,-1,-1,90_CP_WUP,ID_WUP,-1,-1,96_CP_WUP,ID_WUP,-1,-1" NO_SOURCE_INFO</Process></lineage></DataProperties><SyncDate>20230428</SyncDate><SyncTime>13141200</SyncTime><ModDate>20230428</ModDate><ModTime>13141200</ModTime></Esri><dataIdInfo><envirDesc Sync="TRUE">Microsoft Windows 10 Version 10.0 (Build 19044) ; Esri ArcGIS 13.0.2.36056</envirDesc><dataLang><languageCode value="eng" Sync="TRUE"></languageCode><countryCode value="GBR" Sync="TRUE"></countryCode></dataLang><idCitation><resTitle Sync="TRUE">GHS_SDATA_WUP2018_BOUNDARIES_MT_GLOBE_R2023A_V1_0</resTitle><presForm><PresFormCd value="005" Sync="TRUE"></PresFormCd></presForm></idCitation><spatRpType><SpatRepTypCd value="001" Sync="TRUE"></SpatRepTypCd></spatRpType></dataIdInfo><mdLang><languageCode value="eng" Sync="TRUE"></languageCode><countryCode value="GBR" Sync="TRUE"></countryCode></mdLang><mdChar><CharSetCd value="004" Sync="TRUE"></CharSetCd></mdChar><distInfo><distFormat><formatName Sync="TRUE">Shapefile</formatName></distFormat><distTranOps><transSize Sync="TRUE">0.000</transSize></distTranOps></distInfo><mdHrLv><ScopeCd value="005" Sync="TRUE"></ScopeCd></mdHrLv><mdHrLvName Sync="TRUE">dataset</mdHrLvName><refSysInfo><RefSystem><refSysID><identCode code="4326" Sync="TRUE"></identCode><idCodeSpace Sync="TRUE">EPSG</idCodeSpace><idVersion Sync="TRUE">6.2(3.0.1)</idVersion></refSysID></RefSystem></refSysInfo><spatRepInfo><VectSpatRep><geometObjs Name="GHS_SDATA_WUP2018_BOUNDARIES_MT_GLOBE_R2023A_V1_0"><geoObjTyp><GeoObjTypCd value="002" Sync="TRUE"></GeoObjTypCd></geoObjTyp><geoObjCnt Sync="TRUE">0</geoObjCnt></geometObjs><topLvl><TopoLevCd value="001" Sync="TRUE"></TopoLevCd></topLvl></VectSpatRep></spatRepInfo><spdoinfo><ptvctinf><esriterm Name="GHS_SDATA_WUP2018_BOUNDARIES_MT_GLOBE_R2023A_V1_0"><efeatyp Sync="TRUE">Simple</efeatyp><efeageom code="4" Sync="TRUE"></efeageom><esritopo Sync="TRUE">FALSE</esritopo><efeacnt Sync="TRUE">0</efeacnt><spindex Sync="TRUE">FALSE</spindex><linrefer Sync="TRUE">FALSE</linrefer></esriterm></ptvctinf></spdoinfo><eainfo><detailed Name="GHS_SDATA_WUP2018_BOUNDARIES_MT_GLOBE_R2023A_V1_0"><enttyp><enttypl Sync="TRUE">GHS_SDATA_WUP2018_BOUNDARIES_MT_GLOBE_R2023A_V1_0</enttypl><enttypt Sync="TRUE">Feature Class</enttypt><enttypc Sync="TRUE">0</enttypc></enttyp><attr><attrlabl Sync="TRUE">FID</attrlabl><attalias Sync="TRUE">FID</attalias><attrtype Sync="TRUE">OID</attrtype><attwidth Sync="TRUE">4</attwidth><atprecis Sync="TRUE">0</atprecis><attscale Sync="TRUE">0</attscale><attrdef Sync="TRUE">Internal feature number.</attrdef><attrdefs Sync="TRUE">Esri</attrdefs><attrdomv><udom Sync="TRUE">Sequential unique whole numbers that are automatically generated.</udom></attrdomv></attr><attr><attrlabl Sync="TRUE">Shape</attrlabl><attalias Sync="TRUE">Shape</attalias><attrtype Sync="TRUE">Geometry</attrtype><attwidth Sync="TRUE">0</attwidth><atprecis Sync="TRUE">0</atprecis><attscale Sync="TRUE">0</attscale><attrdef Sync="TRUE">Feature geometry.</attrdef><attrdefs Sync="TRUE">Esri</attrdefs><attrdomv><udom Sync="TRUE">Coordinates defining the features.</udom></attrdomv></attr><attr><attrlabl Sync="TRUE">LocID</attrlabl><attalias Sync="TRUE">LocID</attalias><attrtype Sync="TRUE">Integer</attrtype><attwidth Sync="TRUE">10</attwidth><atprecis Sync="TRUE">10</atprecis><attscale Sync="TRUE">0</attscale></attr></detailed></eainfo><mdDateSt Sync="TRUE">20230428</mdDateSt></metadata>
